step_index,B_ext_T,Mz_over_Ms
0,18.0,0.9665668790316542
1,17.1,0.9626334397025775
2,16.2,0.9579678161033786
3,15.3,0.9523744265647758
4,14.4,0.9455824259774984
5,13.5,0.9371727426979393
6,12.6,0.9262497905039379
7,11.7,0.913083073884235
8,10.8,0.8980053779667826
9,9.9,0.881162810856352
10,9.0,0.8626255987072463
11,8.1,0.8424165453904671
12,7.199999999999999,0.8205237642791192
13,6.299999999999999,0.7969046448960692
14,5.4,0.7714827224162755
15,4.5,0.744133375443
16,3.5999999999999996,0.7146385972864273
17,2.6999999999999993,0.6825147793976754
18,1.8000000000000007,0.6460248965897282
19,0.8999999999999986,0.5898171254992652
20,0.0,0.40010891172449464
21,-0.9000000000000021,0.24558422977991143
22,-1.8000000000000007,0.18801626144681366
23,-2.6999999999999993,0.13504596463472873
24,-3.6000000000000014,0.07730203513045791
25,-4.5,0.011165156377531757
26,-5.400000000000002,-0.06954665166740619
27,-6.300000000000001,-0.21682011850725288
28,-7.199999999999999,-0.6632722648043363
29,-8.100000000000001,-0.7879924497577392
30,-9.0,-0.846247352565726
31,-9.900000000000002,-0.8754617927469315
32,-10.8,-0.8973198653584303
33,-11.7,-0.9127799244614901
34,-12.600000000000001,-0.9263898095437353
35,-13.5,-0.9371726867843176
36,-14.399999999999999,-0.9455828426562519
37,-15.300000000000004,-0.9523749022049004
38,-16.200000000000003,-0.9579682637635717
39,-17.1,-0.9626338378882366
40,-18.0,-0.966567225569079
41,-18.0,-0.966567225569079
42,-17.1,-0.9626338378881958
43,-16.2,-0.9579682637635322
44,-15.3,-0.9523749022052619
45,-14.4,-0.9455828426562078
46,-13.5,-0.9371726867846534
47,-12.6,-0.9262493110177877
48,-11.7,-0.9130835030263137
49,-10.8,-0.898006261186305
50,-9.9,-0.8811639471330904
51,-9.0,-0.862626879766461
52,-8.1,-0.8424179082574598
53,-7.199999999999999,-0.8205251734214934
54,-6.299999999999999,-0.7969060863326235
55,-5.4,-0.7714842055953305
56,-4.5,-0.7441349468530329
57,-3.5999999999999996,-0.7146403834368381
58,-2.6999999999999993,-0.6825171358273768
59,-1.8000000000000007,-0.6460290153746375
60,-0.8999999999999986,-0.5898220790375458
61,0.0,-0.4001482159884447
62,0.9000000000000021,-0.2455640708615673
63,1.8000000000000007,-0.18801150150968468
64,2.6999999999999993,-0.13504415623363833
65,3.6000000000000014,-0.07730108535966733
66,4.5,-0.011164539721398596
67,5.400000000000002,0.06954702076186567
68,6.300000000000001,0.21673802588030386
69,7.199999999999999,0.663400949441806
70,8.100000000000001,0.78821660068757
71,9.0,0.8462642162831349
72,9.900000000000002,0.8752775107452873
73,10.8,0.8973308374788223
74,11.7,0.9127689878626569
75,12.600000000000001,0.9263812190993793
76,13.5,0.93717274269262
77,14.399999999999999,0.9455824259778364
78,15.300000000000004,0.9523744265641387
79,16.200000000000003,0.9579678161034222
80,17.1,0.96263343970262
81,18.0,0.966566879029344
