step_index,label,branch,B_ext_T,Mz_over_Ms,npz_path,png_path,svg_path
0,Descending state,descending,18.0,0.9665668790316542,Snapshot_Study_cap_10um_Radial_15pct_A1_0K_82states_20260530_161728\state_000_descending_state_B+18.000T.npz,,
1,Descending state,descending,17.1,0.9626334397025775,Snapshot_Study_cap_10um_Radial_15pct_A1_0K_82states_20260530_161728\state_001_descending_state_B+17.100T.npz,,
2,Descending state,descending,16.2,0.9579678161033786,Snapshot_Study_cap_10um_Radial_15pct_A1_0K_82states_20260530_161728\state_002_descending_state_B+16.200T.npz,,
3,Descending state,descending,15.3,0.9523744265647758,Snapshot_Study_cap_10um_Radial_15pct_A1_0K_82states_20260530_161728\state_003_descending_state_B+15.300T.npz,,
4,Descending state,descending,14.4,0.9455824259774984,Snapshot_Study_cap_10um_Radial_15pct_A1_0K_82states_20260530_161728\state_004_descending_state_B+14.400T.npz,,
5,Descending state,descending,13.5,0.9371727426979393,Snapshot_Study_cap_10um_Radial_15pct_A1_0K_82states_20260530_161728\state_005_descending_state_B+13.500T.npz,,
6,Descending state,descending,12.6,0.9262497905039379,Snapshot_Study_cap_10um_Radial_15pct_A1_0K_82states_20260530_161728\state_006_descending_state_B+12.600T.npz,,
7,Descending state,descending,11.7,0.913083073884235,Snapshot_Study_cap_10um_Radial_15pct_A1_0K_82states_20260530_161728\state_007_descending_state_B+11.700T.npz,,
8,Descending state,descending,10.8,0.8980053779667826,Snapshot_Study_cap_10um_Radial_15pct_A1_0K_82states_20260530_161728\state_008_descending_state_B+10.800T.npz,,
9,Descending state,descending,9.9,0.881162810856352,Snapshot_Study_cap_10um_Radial_15pct_A1_0K_82states_20260530_161728\state_009_descending_state_B+9.900T.npz,,
10,Descending state,descending,9.0,0.8626255987072463,Snapshot_Study_cap_10um_Radial_15pct_A1_0K_82states_20260530_161728\state_010_descending_state_B+9.000T.npz,,
11,Descending state,descending,8.1,0.8424165453904671,Snapshot_Study_cap_10um_Radial_15pct_A1_0K_82states_20260530_161728\state_011_descending_state_B+8.100T.npz,,
12,Descending state,descending,7.199999999999999,0.8205237642791192,Snapshot_Study_cap_10um_Radial_15pct_A1_0K_82states_20260530_161728\state_012_descending_state_B+7.200T.npz,,
13,Descending state,descending,6.299999999999999,0.7969046448960692,Snapshot_Study_cap_10um_Radial_15pct_A1_0K_82states_20260530_161728\state_013_descending_state_B+6.300T.npz,,
14,Descending state,descending,5.4,0.7714827224162755,Snapshot_Study_cap_10um_Radial_15pct_A1_0K_82states_20260530_161728\state_014_descending_state_B+5.400T.npz,,
15,Descending state,descending,4.5,0.744133375443,Snapshot_Study_cap_10um_Radial_15pct_A1_0K_82states_20260530_161728\state_015_descending_state_B+4.500T.npz,,
16,Descending state,descending,3.5999999999999996,0.7146385972864273,Snapshot_Study_cap_10um_Radial_15pct_A1_0K_82states_20260530_161728\state_016_descending_state_B+3.600T.npz,,
17,Descending state,descending,2.6999999999999993,0.6825147793976754,Snapshot_Study_cap_10um_Radial_15pct_A1_0K_82states_20260530_161728\state_017_descending_state_B+2.700T.npz,,
18,Descending state,descending,1.8000000000000007,0.6460248965897282,Snapshot_Study_cap_10um_Radial_15pct_A1_0K_82states_20260530_161728\state_018_descending_state_B+1.800T.npz,,
19,Descending state,descending,0.8999999999999986,0.5898171254992652,Snapshot_Study_cap_10um_Radial_15pct_A1_0K_82states_20260530_161728\state_019_descending_state_B+0.900T.npz,,
20,Descending state,descending,0.0,0.40010891172449464,Snapshot_Study_cap_10um_Radial_15pct_A1_0K_82states_20260530_161728\state_020_descending_state_B+0.000T.npz,,
21,Descending state,descending,-0.9000000000000021,0.24558422977991143,Snapshot_Study_cap_10um_Radial_15pct_A1_0K_82states_20260530_161728\state_021_descending_state_B-0.900T.npz,,
22,Descending state,descending,-1.8000000000000007,0.18801626144681366,Snapshot_Study_cap_10um_Radial_15pct_A1_0K_82states_20260530_161728\state_022_descending_state_B-1.800T.npz,,
23,Descending state,descending,-2.6999999999999993,0.13504596463472873,Snapshot_Study_cap_10um_Radial_15pct_A1_0K_82states_20260530_161728\state_023_descending_state_B-2.700T.npz,,
24,Descending state,descending,-3.6000000000000014,0.07730203513045791,Snapshot_Study_cap_10um_Radial_15pct_A1_0K_82states_20260530_161728\state_024_descending_state_B-3.600T.npz,,
25,Descending state,descending,-4.5,0.011165156377531757,Snapshot_Study_cap_10um_Radial_15pct_A1_0K_82states_20260530_161728\state_025_descending_state_B-4.500T.npz,,
26,Descending state,descending,-5.400000000000002,-0.06954665166740619,Snapshot_Study_cap_10um_Radial_15pct_A1_0K_82states_20260530_161728\state_026_descending_state_B-5.400T.npz,,
27,Descending state,descending,-6.300000000000001,-0.21682011850725288,Snapshot_Study_cap_10um_Radial_15pct_A1_0K_82states_20260530_161728\state_027_descending_state_B-6.300T.npz,,
28,Descending state,descending,-7.199999999999999,-0.6632722648043363,Snapshot_Study_cap_10um_Radial_15pct_A1_0K_82states_20260530_161728\state_028_descending_state_B-7.200T.npz,,
29,Descending state,descending,-8.100000000000001,-0.7879924497577392,Snapshot_Study_cap_10um_Radial_15pct_A1_0K_82states_20260530_161728\state_029_descending_state_B-8.100T.npz,,
30,Descending state,descending,-9.0,-0.846247352565726,Snapshot_Study_cap_10um_Radial_15pct_A1_0K_82states_20260530_161728\state_030_descending_state_B-9.000T.npz,,
31,Descending state,descending,-9.900000000000002,-0.8754617927469315,Snapshot_Study_cap_10um_Radial_15pct_A1_0K_82states_20260530_161728\state_031_descending_state_B-9.900T.npz,,
32,Descending state,descending,-10.8,-0.8973198653584303,Snapshot_Study_cap_10um_Radial_15pct_A1_0K_82states_20260530_161728\state_032_descending_state_B-10.800T.npz,,
33,Descending state,descending,-11.7,-0.9127799244614901,Snapshot_Study_cap_10um_Radial_15pct_A1_0K_82states_20260530_161728\state_033_descending_state_B-11.700T.npz,,
34,Descending state,descending,-12.600000000000001,-0.9263898095437353,Snapshot_Study_cap_10um_Radial_15pct_A1_0K_82states_20260530_161728\state_034_descending_state_B-12.600T.npz,,
35,Descending state,descending,-13.5,-0.9371726867843176,Snapshot_Study_cap_10um_Radial_15pct_A1_0K_82states_20260530_161728\state_035_descending_state_B-13.500T.npz,,
36,Descending state,descending,-14.399999999999999,-0.9455828426562519,Snapshot_Study_cap_10um_Radial_15pct_A1_0K_82states_20260530_161728\state_036_descending_state_B-14.400T.npz,,
37,Descending state,descending,-15.300000000000004,-0.9523749022049004,Snapshot_Study_cap_10um_Radial_15pct_A1_0K_82states_20260530_161728\state_037_descending_state_B-15.300T.npz,,
38,Descending state,descending,-16.200000000000003,-0.9579682637635717,Snapshot_Study_cap_10um_Radial_15pct_A1_0K_82states_20260530_161728\state_038_descending_state_B-16.200T.npz,,
39,Descending state,descending,-17.1,-0.9626338378882366,Snapshot_Study_cap_10um_Radial_15pct_A1_0K_82states_20260530_161728\state_039_descending_state_B-17.100T.npz,,
40,Descending state,descending,-18.0,-0.966567225569079,Snapshot_Study_cap_10um_Radial_15pct_A1_0K_82states_20260530_161728\state_040_descending_state_B-18.000T.npz,,
41,Ascending state,ascending,-18.0,-0.966567225569079,Snapshot_Study_cap_10um_Radial_15pct_A1_0K_82states_20260530_161728\state_041_ascending_state_B-18.000T.npz,,
42,Ascending state,ascending,-17.1,-0.9626338378881958,Snapshot_Study_cap_10um_Radial_15pct_A1_0K_82states_20260530_161728\state_042_ascending_state_B-17.100T.npz,,
43,Ascending state,ascending,-16.2,-0.9579682637635322,Snapshot_Study_cap_10um_Radial_15pct_A1_0K_82states_20260530_161728\state_043_ascending_state_B-16.200T.npz,,
44,Ascending state,ascending,-15.3,-0.9523749022052619,Snapshot_Study_cap_10um_Radial_15pct_A1_0K_82states_20260530_161728\state_044_ascending_state_B-15.300T.npz,,
45,Ascending state,ascending,-14.4,-0.9455828426562078,Snapshot_Study_cap_10um_Radial_15pct_A1_0K_82states_20260530_161728\state_045_ascending_state_B-14.400T.npz,,
46,Ascending state,ascending,-13.5,-0.9371726867846534,Snapshot_Study_cap_10um_Radial_15pct_A1_0K_82states_20260530_161728\state_046_ascending_state_B-13.500T.npz,,
47,Ascending state,ascending,-12.6,-0.9262493110177877,Snapshot_Study_cap_10um_Radial_15pct_A1_0K_82states_20260530_161728\state_047_ascending_state_B-12.600T.npz,,
48,Ascending state,ascending,-11.7,-0.9130835030263137,Snapshot_Study_cap_10um_Radial_15pct_A1_0K_82states_20260530_161728\state_048_ascending_state_B-11.700T.npz,,
49,Ascending state,ascending,-10.8,-0.898006261186305,Snapshot_Study_cap_10um_Radial_15pct_A1_0K_82states_20260530_161728\state_049_ascending_state_B-10.800T.npz,,
50,Ascending state,ascending,-9.9,-0.8811639471330904,Snapshot_Study_cap_10um_Radial_15pct_A1_0K_82states_20260530_161728\state_050_ascending_state_B-9.900T.npz,,
51,Ascending state,ascending,-9.0,-0.862626879766461,Snapshot_Study_cap_10um_Radial_15pct_A1_0K_82states_20260530_161728\state_051_ascending_state_B-9.000T.npz,,
52,Ascending state,ascending,-8.1,-0.8424179082574598,Snapshot_Study_cap_10um_Radial_15pct_A1_0K_82states_20260530_161728\state_052_ascending_state_B-8.100T.npz,,
53,Ascending state,ascending,-7.199999999999999,-0.8205251734214934,Snapshot_Study_cap_10um_Radial_15pct_A1_0K_82states_20260530_161728\state_053_ascending_state_B-7.200T.npz,,
54,Ascending state,ascending,-6.299999999999999,-0.7969060863326235,Snapshot_Study_cap_10um_Radial_15pct_A1_0K_82states_20260530_161728\state_054_ascending_state_B-6.300T.npz,,
55,Ascending state,ascending,-5.4,-0.7714842055953305,Snapshot_Study_cap_10um_Radial_15pct_A1_0K_82states_20260530_161728\state_055_ascending_state_B-5.400T.npz,,
56,Ascending state,ascending,-4.5,-0.7441349468530329,Snapshot_Study_cap_10um_Radial_15pct_A1_0K_82states_20260530_161728\state_056_ascending_state_B-4.500T.npz,,
57,Ascending state,ascending,-3.5999999999999996,-0.7146403834368381,Snapshot_Study_cap_10um_Radial_15pct_A1_0K_82states_20260530_161728\state_057_ascending_state_B-3.600T.npz,,
58,Ascending state,ascending,-2.6999999999999993,-0.6825171358273768,Snapshot_Study_cap_10um_Radial_15pct_A1_0K_82states_20260530_161728\state_058_ascending_state_B-2.700T.npz,,
59,Ascending state,ascending,-1.8000000000000007,-0.6460290153746375,Snapshot_Study_cap_10um_Radial_15pct_A1_0K_82states_20260530_161728\state_059_ascending_state_B-1.800T.npz,,
60,Ascending state,ascending,-0.8999999999999986,-0.5898220790375458,Snapshot_Study_cap_10um_Radial_15pct_A1_0K_82states_20260530_161728\state_060_ascending_state_B-0.900T.npz,,
61,Ascending state,ascending,0.0,-0.4001482159884447,Snapshot_Study_cap_10um_Radial_15pct_A1_0K_82states_20260530_161728\state_061_ascending_state_B+0.000T.npz,,
62,Ascending state,ascending,0.9000000000000021,-0.2455640708615673,Snapshot_Study_cap_10um_Radial_15pct_A1_0K_82states_20260530_161728\state_062_ascending_state_B+0.900T.npz,,
63,Ascending state,ascending,1.8000000000000007,-0.18801150150968468,Snapshot_Study_cap_10um_Radial_15pct_A1_0K_82states_20260530_161728\state_063_ascending_state_B+1.800T.npz,,
64,Ascending state,ascending,2.6999999999999993,-0.13504415623363833,Snapshot_Study_cap_10um_Radial_15pct_A1_0K_82states_20260530_161728\state_064_ascending_state_B+2.700T.npz,,
65,Ascending state,ascending,3.6000000000000014,-0.07730108535966733,Snapshot_Study_cap_10um_Radial_15pct_A1_0K_82states_20260530_161728\state_065_ascending_state_B+3.600T.npz,,
66,Ascending state,ascending,4.5,-0.011164539721398596,Snapshot_Study_cap_10um_Radial_15pct_A1_0K_82states_20260530_161728\state_066_ascending_state_B+4.500T.npz,,
67,Ascending state,ascending,5.400000000000002,0.06954702076186567,Snapshot_Study_cap_10um_Radial_15pct_A1_0K_82states_20260530_161728\state_067_ascending_state_B+5.400T.npz,,
68,Ascending state,ascending,6.300000000000001,0.21673802588030386,Snapshot_Study_cap_10um_Radial_15pct_A1_0K_82states_20260530_161728\state_068_ascending_state_B+6.300T.npz,,
69,Ascending state,ascending,7.199999999999999,0.663400949441806,Snapshot_Study_cap_10um_Radial_15pct_A1_0K_82states_20260530_161728\state_069_ascending_state_B+7.200T.npz,,
70,Ascending state,ascending,8.100000000000001,0.78821660068757,Snapshot_Study_cap_10um_Radial_15pct_A1_0K_82states_20260530_161728\state_070_ascending_state_B+8.100T.npz,,
71,Ascending state,ascending,9.0,0.8462642162831349,Snapshot_Study_cap_10um_Radial_15pct_A1_0K_82states_20260530_161728\state_071_ascending_state_B+9.000T.npz,,
72,Ascending state,ascending,9.900000000000002,0.8752775107452873,Snapshot_Study_cap_10um_Radial_15pct_A1_0K_82states_20260530_161728\state_072_ascending_state_B+9.900T.npz,,
73,Ascending state,ascending,10.8,0.8973308374788223,Snapshot_Study_cap_10um_Radial_15pct_A1_0K_82states_20260530_161728\state_073_ascending_state_B+10.800T.npz,,
74,Ascending state,ascending,11.7,0.9127689878626569,Snapshot_Study_cap_10um_Radial_15pct_A1_0K_82states_20260530_161728\state_074_ascending_state_B+11.700T.npz,,
75,Ascending state,ascending,12.600000000000001,0.9263812190993793,Snapshot_Study_cap_10um_Radial_15pct_A1_0K_82states_20260530_161728\state_075_ascending_state_B+12.600T.npz,,
76,Ascending state,ascending,13.5,0.93717274269262,Snapshot_Study_cap_10um_Radial_15pct_A1_0K_82states_20260530_161728\state_076_ascending_state_B+13.500T.npz,,
77,Ascending state,ascending,14.399999999999999,0.9455824259778364,Snapshot_Study_cap_10um_Radial_15pct_A1_0K_82states_20260530_161728\state_077_ascending_state_B+14.400T.npz,,
78,Ascending state,ascending,15.300000000000004,0.9523744265641387,Snapshot_Study_cap_10um_Radial_15pct_A1_0K_82states_20260530_161728\state_078_ascending_state_B+15.300T.npz,,
79,Ascending state,ascending,16.200000000000003,0.9579678161034222,Snapshot_Study_cap_10um_Radial_15pct_A1_0K_82states_20260530_161728\state_079_ascending_state_B+16.200T.npz,,
80,Ascending state,ascending,17.1,0.96263343970262,Snapshot_Study_cap_10um_Radial_15pct_A1_0K_82states_20260530_161728\state_080_ascending_state_B+17.100T.npz,,
81,Ascending state,ascending,18.0,0.966566879029344,Snapshot_Study_cap_10um_Radial_15pct_A1_0K_82states_20260530_161728\state_081_ascending_state_B+18.000T.npz,,
