B_ext_T,Mx,My,Mz
12.0,-0.004185526293247085,0.00012129875542857694,0.9786827931862583
0.0,-0.006931419007090948,0.006577820926828367,0.5256958014993677
-0.05,-0.007002983159420759,0.0065471196455655556,0.5204977804904858
-0.1,-0.007075755067908797,0.006513185392822,0.515251358824651
-0.15,-0.0071497646704752746,0.006476543556005845,0.5099566355641463
-0.2,-0.007224975513676395,0.006437828974531147,0.5046132333880693
-0.25,-0.007299818938597065,0.006399171105032297,0.49921635279731735
-0.3,-0.007382486943661835,0.006367790431699441,0.4937789091548004
-0.35,-0.0074609224280719815,0.006325198607604835,0.48828340149028776
-0.4,-0.007537591710485733,0.006278010266236016,0.482733923010854
-0.45,-0.007585992292924443,0.006265133657032874,0.4771657345100772
-0.5,-0.007669826559711616,0.006224234732242186,0.4715077171612089
-0.55,-0.007752238196765805,0.0061774438258803055,0.4657889570306795
-0.6,-0.00783024630623081,0.006121326341182363,0.4600132322488332
-0.65,-0.007914232512712832,0.0060725073869275096,0.45417174344195793
-0.7,-0.007993908589465344,0.00600788817478045,0.4482682745786302
-0.75,-0.00807512750315133,0.005948897381925674,0.4423037595838363
-0.8,-0.008137442983285746,0.005933978951969552,0.43627470212859226
-0.85,-0.008222296163493199,0.005877084190845742,0.43017097731205045
-0.9,-0.008311213482684463,0.005822586956424965,0.4239946938681773
-0.95,-0.008405039642566055,0.005765717012037868,0.417734571360009
-1.0,-0.008493456768635424,0.00571180695900128,0.41141200030473063
-1.05,-0.008581784551105193,0.0056494532262320925,0.405011491327524
-1.1,-0.008675387630501595,0.005590600989904891,0.3985268330553639
-1.15,-0.008760190712752688,0.005536827908280579,0.3919524343004566
-1.2,-0.008858082090960782,0.005479113851201169,0.3853093252727289
-1.25,-0.00896982660701058,0.005425895677238839,0.37856915966662574
-1.3,-0.009054460784188268,0.005351956290948156,0.37174494215111636
-1.35,-0.009148501256719288,0.0052807460554233614,0.36482316084648486
-1.4,-0.009226816563889642,0.005200179861186526,0.3578048916268078
-1.45,-0.009287817050078992,0.005140969245427518,0.35069770241145526
-1.5,-0.009379922146182005,0.005042426006705062,0.34347881938051517
-1.55,-0.009473865518285102,0.004982309899019111,0.33615527157112557
-1.6,-0.009547261974372754,0.004906741506405142,0.3287003548612133
-1.65,-0.00961399923197979,0.00482092257507005,0.32112782258670103
-1.7,-0.009742442561756479,0.0047586003099693635,0.3134115505259108
-1.75,-0.009868341860742046,0.004687427616934757,0.30556837139965093
-1.8,-0.009971903468099315,0.004679105527719878,0.29751021884874934
-1.85,-0.010043496617197473,0.004601224027938055,0.2893689832745258
-1.9,-0.010581357521667183,0.004330713121266768,0.28083789604639997
-1.95,-0.010692735713805102,0.00430096599376624,0.27235154375735726
-2.0,-0.010758717422613709,0.004196681624161749,0.263605444995854
-2.05,-0.01085330549744658,0.0041308524536723835,0.2546538073153949
-2.1,-0.009937878773905406,0.009384909214873654,0.24033120494830196
-2.15,-0.010013630024267596,0.008854848667146097,0.23071799158726708
-2.2,-0.006131817682593285,0.008941049222686723,0.21819925420774763
-2.25,-0.008004015351930896,0.009124653456056469,0.2005364856528813
-2.3,-0.00039412890323419056,0.016218321102685167,0.1810539362897007
-2.35,-3.123119524657825e-05,0.02067855310357122,0.16597411622167818
-2.4,-0.00018516513492561936,0.019807191215184882,0.1185130867283989
-2.45,0.00800630720340112,0.013509144576339211,0.040536625148355133
-2.5,0.009033385691419855,0.021728649398312688,-0.0015578174000855788
-2.55,0.03395080553931748,0.0035558378593101955,-0.12978848232813142
-2.6,0.04188913020148748,0.022011098483223666,-0.21267890739213383
-2.65,0.0424560054099684,0.0317739386655068,-0.2753242279897174
-2.7,0.054600615799477774,0.018662334687914797,-0.35999295130698367
-2.75,0.061725155708620694,0.01411250859829065,-0.44041694709762547
-2.8,0.0633707664972938,0.011359956252123174,-0.4931411738429084
-2.85,0.05640915684840746,0.014596085562855592,-0.5242753854939551
-2.9,0.04487075638034247,0.028606473669772023,-0.5602634192978218
-2.95,0.03844565541784582,0.02703463756574238,-0.6077677868933777
-3.0,0.03675745390119939,0.03377349544120881,-0.6273945936862135
-3.05,0.03335005604497875,0.027828032463067007,-0.6499364733329014
-3.1,0.027150640859562675,0.03237338403977605,-0.6632939729246118
-3.15,0.024693002175488633,0.031159798023699236,-0.678030389355863
-3.2,0.021335321564609166,0.03363583759098793,-0.6931143977606896
-3.25,0.01262917636366215,0.0363182521258698,-0.7124537521234124
-3.3,0.0069847434320132835,0.03801999020108233,-0.7204608570348935
-3.35,0.01007049393729703,0.03946742636905271,-0.7300830803848694
-3.4,0.0145146511054725,0.031139822256764475,-0.7390793048434875
-3.45,0.0147878482144245,0.032399623302932834,-0.7506879076969157
-3.5,0.01303199508181403,0.03190815544366898,-0.7575539563458789
-3.55,0.009192404851142743,0.027326864324436945,-0.764904011283366
-3.6,0.00019124985062328657,0.02488808214770157,-0.7706047964021604
-3.65,-0.006172638070849864,0.02304729477348542,-0.7799517643843435
-3.7,-0.008118133412843394,0.016517923801183537,-0.7885035773895376
-3.75,0.004654164953358052,0.013449577521998945,-0.7943791858420298
-3.8,0.008485637317585152,0.014761984576292296,-0.7985138915675587
-3.85,0.0068733730817582455,0.01514394123863272,-0.8021422262855193
-3.9,0.007998145943779126,0.016201912952899994,-0.8070130940498261
-3.95,0.0024800460268891026,0.011401443097310764,-0.8104583779416992
-4.0,-0.0009273131749496243,0.010542383456771928,-0.8135944911376082
-4.5,0.0016018918980261227,0.0005574391629164793,-0.844571819243429
-5.0,0.005391457851600469,0.00034799082798238963,-0.8696832628979417
-5.5,0.005272695100734278,0.0029551573162174692,-0.8894376480001608
-6.0,0.004285190455492437,0.0014277622525031084,-0.9065179710800819
-7.0,0.00472897108566427,0.0007579476157781664,-0.932893208007462
