run,Mr_over_Ms,H_pre_T,H_post_T,step_T,note
L10_pure_wedge_D10um_cell1p3nm,0.659,6.5,6.6,0.1,
L10_pure_wedge_D1um_cell1p3nm,0.656,6.5,6.6,0.1,
L10_pure_wedge_D200nm_cell1p3nm,0.66,6.3,6.4,0.1,
L10_pure_wedge_D3um_cell1p3nm,0.656,6.45,6.6,0.15,
L10_pure_wedge_D500nm_cell1p3nm,0.657,6.4,6.5,0.1,
L10_pure_wedge_D5um_cell1p3nm,0.659,6.5,6.6,0.1,
L10_pure_wedge_D8um_cell1p3nm,0.659,6.5,6.6,0.1,
M1_wedge_D3um_cell1p3nm_fA1_00pct,0.656,6.45,6.6,0.15,
M1_wedge_D3um_cell1p3nm_fA1_10pct,0.654,5.72,5.87,0.15,
M1_wedge_D3um_cell1p3nm_fA1_20pct,0.651,4.84,4.99,0.15,
M1_wedge_D3um_cell1p3nm_fA1_30pct,0.648,4.26,4.41,0.15,
M1_wedge_D3um_cell1p3nm_fA1_40pct,0.644,3.53,3.68,0.15,
M1_wedge_D3um_cell1p3nm_fA1_50pct,0.637,2.8,2.95,0.15,
M1_wedge_D3um_cell1p3nm_fA1_66pct,0.62,1.93,2.08,0.15,
M6_snapshot_rerun_D10um_cell1p3nm_15pctA1,0.658,5.2,5.4,0.2,
R1_hemi_d200nm_cell_1p0nm,0.709,6.2,6.3,0.1,
R1_hemi_d200nm_cell_1p5nm,0.709,6.2,6.3,0.1,
R1_hemi_d200nm_cell_2p0nm,0.709,6.2,6.3,0.1,
R1_hemi_d200nm_cell_3p0nm,0.709,6.2,6.3,0.1,
R1_hemi_d200nm_cell_4p0nm,0.709,6.2,6.3,0.1,
R2b_wedge_d200nm_cell_1p0nm,0.659,6.3,6.4,0.1,
